,_id,date,favourites,language,latitude,longitude,retweets,tweet,user
0,5cc0376391c00645a402169f,24/04/2019 10:15,0,en,21.6268425,39.11309838,0,"#AvengersEndgame (at @VOX_Cinemas_ksa in Jeddah, Makkah w/ @ahmadbyari) https://t.co/i1ZsbEl6Rk",AlhindiTalal
1,5cc0376f91c00645a40216a1,24/04/2019 10:16,0,ko,37.51265079,127.0596267,0,"ì–´ë²¤ì ¸ìŠ¤ : ì—”ë“œê²Œì„ í™ë³´ ë¶€ìŠ¤ @coex_seoul 

#ì–´ë²¤ì ¸ìŠ¤ì—”ë“œê²Œì„ #ì–´ë²¤ì ¸ìŠ¤ #ì–´ë²¤ì ¸ìŠ¤í™ë³´ë¶€ìŠ¤ #ì–´ë²¤ì ¸ìŠ¤ì—”ë“œê²Œì„ë©”ê°€ë°•ìŠ¤ì½”ì—‘ìŠ¤ #ë©”ê°€ë°•ìŠ¤ì½”ì—‘ìŠ¤ #ì½”ì—‘ìŠ¤ #avengersendgame #avengersâ€¦ https://t.co/eG4qn01rGl",dedoeoh
2,5cc0378f91c00645a40216a3,24/04/2019 10:16,0,en,-6.1282,106.8449,0,"Avengers: Endgame Tayang Perdana Hari Ini, Netizen Nonton dari Subuh
#avengersendgame

https://t.co/rzNrGvLrhv",mira_benelli
3,5cc0379691c00645a40216a5,24/04/2019 10:16,0,en,13.7271617,100.5091053,0,"à¹„à¸¡à¹ˆà¹„à¸”à¹‰à¸£à¸µà¸š
#avengersendgame @ ICON CINECONIC https://t.co/7YmpkQmMXw",Superoku
4,5cc0385891c00645a40216a7,24/04/2019 10:20,0,nl,51.0667,5.08333,0,always be ready to be an #avenger #atwork #avengers #avengersendgame #marvel #infinitystones #moviemarathonâ€¦ https://t.co/2c2xsCodA5,wernervaneyck
5,5cc038a191c00645a40216a9,24/04/2019 10:21,0,en,14.43369519,121.0108097,0,#avengersendgame @ Imax Sm Southmall https://t.co/vM3pMe93P2,stevenmillano
6,5cc038cc91c00645a40216ab,24/04/2019 10:21,0,en,14.43369519,121.0108097,0,#avengersendgame @ Imax Sm Southmall https://t.co/2BdWV996ki,stevenmillano
7,5cc0392691c00645a40216ad,24/04/2019 10:23,0,en,14.43369519,121.0108097,0,#avengersendgame @ Imax Sm Southmall https://t.co/FoOx5WEZOu,stevenmillano
8,5cc03a0791c00645a40216af,24/04/2019 10:27,0,en,25.32604014,55.3940158,0,Family Is What Stays In The End #BabyBrother #EndGame #AvengersEndGame #Family #Blood @ Vox Cinema City Centre Sharâ€¦ https://t.co/JrZ5GWMJWY,Aj_Areeb
9,5cc03a8791c00645a40216b1,24/04/2019 10:29,0,en,14.6569952,121.0296495,0,"Avengers Suit Windbreaker Jacket!!! ğŸ˜ğŸ˜ğŸ˜
.
.
.
#AvengersEndgame #Avengers #Endgame #Suit #AvengersSuitâ€¦ https://t.co/S26pn9iGOv",maeelisa
10,5cc03ad991c00645a40216b3,24/04/2019 10:30,0,sv,34.0522,-118.243,0,AVENGERS: ENDGAME (2019 is NOW REVIEWED and AVAILABLE ON #Mackansfilm.Org | #mackansfilmreviews #AvengersEndgameâ€¦ https://t.co/nAcrp6BTKy,MackansFilm
11,5cc03b0991c00645a40216b5,24/04/2019 10:31,0,en,3.08240869,101.585598,0,"Ready? Lets Jom. Nanti ioLLs cerita plot ending yer.. Hahaha!! Officemate, are you ready guys for the Endgame?â€¦ https://t.co/ec6JcZgTyH",daitei_epool
12,5cc03b6691c00645a40216b7,24/04/2019 10:33,0,en,13.72662832,100.5101038,0,"Today is #AvengersEndgameÂ  's Day (@ ICON CINECONIC in Khlong San, Bangkok) https://t.co/hHeTIdE34p https://t.co/bGhtR1oJ7a",PichittraJ
13,5cc03ba091c00645a40216b9,24/04/2019 10:34,0,en,-0.07113057,109.3605842,0,"Nonton #AvengersEndGame kayak dengar pidato wisuda (yang bagus), dimana kita diingatkan bahwa kita baru lulus setelâ€¦ https://t.co/UqCoYL1QaQ",jakasep
14,5cc03be491c00645a40216bb,24/04/2019 10:35,0,en,-7.29465622,112.7303833,0,"Mereka harus menyelesaikan pertempuran ini #AvengersEndGame ! 
_
Sudah siap buat nonton keseruan film Avengers: Endâ€¦ https://t.co/cvBhlIvgCF",sutossurabaya
15,5cc03be991c00645a40216bd,24/04/2019 10:35,0,en,13.86652862,100.4971722,0,"à¸¡à¸²à¹‚à¸§à¹‰à¸¢à¸¢à¸¢à¸¢à¸¢! #AvengersEndgame (@ SF Cinema City - @welovesf in Mueang Nonthaburi, Nonthaburi) https://t.co/gmUAlMBO1v",gade_ka
16,5cc03c7691c00645a40216bf,24/04/2019 10:37,0,en,2.316667,111.55,0,I guess itâ€™s timely to upload this. I found this store while strolling around the mall in Sunway. The items are cooâ€¦ https://t.co/f1EkGOCiyN,bonbonzki
17,5cc03c8791c00645a40216c1,24/04/2019 10:37,0,en,3.07286413,101.6071801,0,"Habang kanya kanya kayo ng post ng ticket, pila, jacket, at spoilers - eto lang muna ang kontribusyon ko saâ€¦ https://t.co/2eIABg7FmD",bonbonzki
18,5cc03c9a91c00645a40216c3,24/04/2019 10:38,0,en,6.9041,122.0762,0,"#avengersendgame 
#superduperamazing
#gwaponicaptainamerica @ Zamboanga City https://t.co/Fkl7tPUsfP",PresentePauline
19,5cc03cbf91c00645a40216c5,24/04/2019 10:38,0,es,48.8569,2.3412,0,"The tweet with the most impact of the #MarvelXFnac Trend, was published by @Fnac: https://t.co/ETJmBYXx92 (43 RTs) #trndnl",trendinaliaFR
20,5cc03d1e91c00645a40216c7,24/04/2019 10:40,0,en,13.78729776,100.2767243,0,"à¹€à¸­à¸²à¸§à¹ˆà¸° #AvengersENDGAME (@ à¹€à¸­à¸ª à¹€à¸­à¸Ÿ à¸‹à¸µà¹€à¸™à¸¡à¹ˆà¸² à¸‹à¸´à¸•à¸µà¹‰ - @welovesf in Sam Phran, Changwat Nakhon Pathom)â€¦ https://t.co/1GdBDIiC9V",maigalaxy1106
21,5cc03d3591c00645a40216c9,24/04/2019 10:40,0,en,14.55225684,121.0218848,0,"Thanos Demands My Silence but My Smile Depicts How Greatly I Loved This Movie! 
#AvengersEndGame @ Greenbelt 3 Makaâ€¦ https://t.co/DIHmRw5sGZ",skipper_ivan
22,5cc03d7191c00645a40216cb,24/04/2019 10:41,0,en,14.53355061,121.0511223,0,"Aâ£ï¸ğŸ’™ğŸ’¯ğŸ‘ğŸ‘ŒğŸ» #avengersendgame 

â€¢
â€¢
â€¢
â€¢
#love #followback #instagramers #socialenvy #shopstemdesigns #tweegramâ€¦ https://t.co/SmDBrbwEe0",reytweeets
23,5cc03da591c00645a40216cd,24/04/2019 10:42,0,en,14.53355061,121.0511223,0,"STAY ğŸ†’â£ï¸ğŸ’™ğŸ’¯ğŸ‘ğŸ‘ŒğŸ» #avengersendgame 

â€¢
â€¢
â€¢
â€¢
#love #followback #instagramers #socialenvy #shopstemdesigns #tweegramâ€¦ https://t.co/eBj5cGHNDa",reytweeets
24,5cc03db291c00645a40216cf,24/04/2019 10:42,0,en,14.53355061,121.0511223,0,"Aâ£ï¸ğŸ’™ğŸ’¯ğŸ‘ğŸ‘ŒğŸ» #avengersendgame 

â€¢
â€¢
â€¢
â€¢
#love #followback #instagramers #socialenvy #shopstemdesigns #tweegramâ€¦ https://t.co/1pi2SAunDU",reytweeets
25,5cc03dc091c00645a40216d1,24/04/2019 10:43,0,en,14.5666,121.1333,0,"End game na,  ubos na eh..  ğŸ˜‚ğŸ˜‚ğŸ˜‚ avengers #AvengersEndGame @ Taytay, Rizal https://t.co/Vt5LCjb51I",leaserrano04
26,5cc03df891c00645a40216d3,24/04/2019 10:44,0,id,51.50790397,0.03480144,0,Here we go! avengers END GAME launchpad remix! Yang nonton hari ini selamat menikmati yang terpentingâ€¦ https://t.co/zOc2Xwznaq,AryyaSanggra
27,5cc03e0091c00645a40216d5,24/04/2019 10:44,0,en,14.51896992,121.0193825,0,"#round2 #AvengersEndgame 

Thank you
@wheninmanila lilmisswonderwoman ğŸ‘Œ @ Resorts World Manila https://t.co/ub0N8q5to3",jezreelcolangoy
28,5cc03e4391c00645a40216d7,24/04/2019 10:45,0,th,16.40082777,102.8159222,0,"#AVENGERSENDGAME (@ Major Cineplex Lotus Khonkaen Pratunam in Khon Kaen, Changwat Khon Kaen) https://t.co/oZERtdzr5g",jtt_muk
29,5cc03e6291c00645a40216d9,24/04/2019 10:45,0,en,14.57226551,121.0195112,0,"""Every journey has an end""

#AvengersEndgame is epiiiiiiic!! @ Ayala Malls Circuit https://t.co/mMFhtvmakB",eldrinjohnc
30,5cc03e7491c00645a40216db,24/04/2019 10:46,0,th,13.81728515,100.5613842,0,....à¸—à¸¸à¸à¹‚à¸£à¸‡à¸‰à¸²à¸¢à¹à¸•à¹ˆ #AvengersEndgame ğŸ˜©ğŸ˜©ğŸ˜©ğŸ˜©ğŸ˜©ğŸ˜©ğŸ˜©ğŸ˜©ğŸ˜©ğŸ˜©ğŸ˜©ğŸ˜©ğŸ˜©ğŸ˜©ğŸ˜©ğŸ˜©ğŸ˜©ğŸ˜© .... @ First Class Cinema @ SFX Cinema Central Ladprao https://t.co/2AUn6zHehh,NoTeFiRsTlOvE
31,5cc03eab91c00645a40216dd,24/04/2019 10:47,0,en,13.82859802,100.5685704,0,"Avengers ENDGAME, the first date in Thailand 

à¹à¸Ÿà¸™à¹†à¸•à¸·à¹ˆà¸™à¸•à¸±à¸§à¸«à¸¥à¸šà¸ªà¸›à¸­à¸¢à¸à¸±à¸™à¸”à¸µà¹€à¸§à¸­à¸£à¹Œ à¸—à¸±à¹‰à¸‡à¸à¸£à¸¸à¸‡à¹€à¸—à¸à¹à¸¥à¸°à¸•à¹ˆà¸²à¸‡à¸ˆà¸±à¸‡à¸«à¸§à¸±à¸” à¸ªà¸¸à¸”à¸¢à¸­à¸”à¹à¸«à¹ˆà¸‡à¸›à¸£à¸²â€¦ https://t.co/fQxTeKzqKS",bbeaut
32,5cc03f7191c00645a40216df,24/04/2019 10:50,0,en,14.5894,120.9811,0,"*Spoiler Alert* ğŸ¹ğŸ¤–ğŸ¥ğŸ“½ï¸ #avengersendgame #ironman #hawkeye #thanos
Â°
Â°
Â°
Â°
Â°
#exploreph #travelph #vscoph #vscopinasâ€¦ https://t.co/TQGrwcC89a",therealjeffuy
33,5cc03f7691c00645a40216e1,24/04/2019 10:50,0,en,14.55060405,121.0501957,0,"At the Globe @enjoyglobe's Special Block Screening of the movie event of the decade, AVENGERS: ENDGAMEâ€¦ https://t.co/VW8VTQ4Nhi",byxspeaks
34,5cc0408d91c00645a40216e3,24/04/2019 10:55,0,th,13.32364886,100.9645931,0,"à¸£à¹ˆà¸§à¸¡à¹€à¸œà¸”à¹‡à¸ˆâ€‹à¸¨à¸¶à¸à¸„à¸£à¸±à¹‰à¸‡à¸ªà¸¸à¸”à¸—à¹‰à¸²à¸¢à¹„à¸›à¸à¸±à¸š
Avengersâ€‹ : E N D G A M E
#marvel
#marvelstudio
#avengers
#endgame
#avengersendgameâ€¦ https://t.co/FVFNLFp4vS",GapPhalakorn
35,5cc040df91c00645a40216e5,24/04/2019 10:56,0,en,14.73713557,121.0595831,0,"#AvengersEndgame (@ Fairview Terraces Cinemas - @fterraces in Quezon City, Metro Manila) https://t.co/fX3gpXQ5Qi",jebulanlovely
36,5cc0410e91c00645a40216e7,24/04/2019 10:57,0,de,48.43039411,9.24637299,0,Seit ihr auch schon so Aufgeregt wie ich?!?! geleakt von Pyne auf Twitter?!?! #fortniteleaks #fortnite #avengersâ€¦ https://t.co/U8m2QMfGJ3,Hunter_Tag_OG
37,5cc041d391c00645a40216e9,24/04/2019 11:00,0,en,33.76094614,-84.38584105,0,"Mad Matt Assemble!
.
.
.
.
.
.
#dragoncon #dragoncon2018 #avengers #avengersendgame #avengersinfinitywarâ€¦ https://t.co/AIfzwgoUcP",DamienCampos
38,5cc0420d91c00645a40216eb,24/04/2019 11:01,0,en,14.51877954,121.0199264,0,"The second viewing ğŸ˜ #AvengersEndgame #DontSpoilTheEndgame #WhateverItTakes (@ Newport Cinemas in Pasay City, Metroâ€¦ https://t.co/jvq4fzT9Gd",rjvirrey
39,5cc0421191c00645a40216ed,24/04/2019 11:01,0,en,10.3111,123.892,0,"""What ever it takes..""

#AvengersEndGame @ Cebu City https://t.co/JXtmGjx5hC",imKarrenxxi
40,5cc0421591c00645a40216ef,24/04/2019 11:01,0,en,-6.22835734,106.6065232,0,#nonton #avengers #avengersendgame #movie #great #love #like #instagood #igers #me #like #follow #marvel @ MaxxBoxâ€¦ https://t.co/2krBf5I37n,TOMSWIJAYA
41,5cc0422091c00645a40216f1,24/04/2019 11:01,0,en,42.1145,-80.0762,0,Day 24 of the #30daychallenge #drawingchallenge on the road to #avengersendgame its #blackpanther #sketch #inkâ€¦ https://t.co/5Q1ZugnZoM,EllzRaizA
42,5cc0427691c00645a40216f3,24/04/2019 11:03,0,en,14.34550002,100.6093813,0,#AvengersEndgame (@ Major Cineplex in Phra Nakhon Si Ayutthaya) https://t.co/CifFs2KfSk,helloxophia
43,5cc0435a91c00645a40216f5,24/04/2019 11:07,0,en,-2.95834572,104.7239032,0,#AvengersEndgame ğŸ˜­ğŸ˜­ğŸ¥ºğŸ¥º https://t.co/fIQpeBc4zo,thisrainy
44,5cc0436991c00645a40216f7,24/04/2019 11:07,0,en,-6.3296034,107.2930397,0,"Let bygone be bygone
.
.
.
.
.
#avengersendgame 
#avengers @ Technomart Galuh Mas Karawang https://t.co/fYlBNZwEKe",kudoshine
45,5cc0436d91c00645a40216f9,24/04/2019 11:07,0,en,29.30459447,47.94298804,0,"#AvengersEndgame (@ Vox Cinema | Theater By Rhodes in Al Kuwayt, Al Farwaniyah) https://t.co/rYYQYWPZL8",IamBoushehri
46,5cc0439991c00645a40216fb,24/04/2019 11:08,0,ar,24.81731918,46.66487396,0,"Now watching #avengersendgame (@ VOX Cinemas in Al Yasmeen, Riyadh) https://t.co/U2F32zf1L2 https://t.co/WKL21zRc9s",LADY__TALR
47,5cc043dc91c00645a40216fd,24/04/2019 11:09,0,en,5.83868303,118.1192807,0,Yes. Movie time. Super excited! Heard the review was really good. Thanks wifey for taking care of the kid ğŸ˜„â€¦ https://t.co/2Tj11pcHsf,bernardtzing
48,5cc0441f91c00645a40216ff,24/04/2019 11:10,0,en,31.2,121.5,0,"Just left The Avengers: Endgame China premiere like ğŸ˜ğŸ˜ #avengersendgame @ Shanghai, China https://t.co/rsyT7o5Njh",theRealDJreaper
49,5cc0449591c00645a4021701,24/04/2019 11:12,0,ru,52.4417,30.9833,0,"Ğ¡Ğ¿Ğ°ÑĞ¸Ğ±Ğ¾ ĞºĞ¾Ğ½Ñ‚Ğ°ĞºÑ‚Ğ¸Ğº, Ñ‚ĞµĞ¿ĞµÑ€ÑŒ Ñ Ğ·Ğ½Ğ°Ñ, Ñ‡Ñ‚Ğ¾ Ğ½Ğµ Ğ²Ñ‹Ğ¶Ğ¸Ğ» Ğ±Ñ‹. 15 Ğ¼Ğ¸Ğ½ÑƒÑ‚ Ğ¼ĞµĞ»Ğ¾Ñ‡Ğ¸, Ğ¾ÑÑ‚Ğ°Ğ»Ğ¾ÑÑŒ Ğ´Ğ¾Ğ¶Ğ´Ğ°Ñ‚ÑŒÑÑ Ñ„Ğ¸Ğ»ÑŒĞ¼Ğ° 
#Ñ‰ĞµĞ»Ñ‡Ğ¾ĞºÑ‚Ğ°Ğ½Ğ¾ÑĞ°â€¦ https://t.co/chkMrXymY6",Angelgth
50,5cc044ba91c00645a4021703,24/04/2019 11:12,0,en,14.55060405,121.0501957,0,Our favourite teen heartthrob Donny Pangilinan @donnypangilinan at the Globe @enjoyglobe's Special Block Screeningâ€¦ https://t.co/2kxQfHn0cs,byxspeaks
51,5cc0458191c00645a4021705,24/04/2019 11:16,0,en,-6.30181984,106.6541879,0,WE ARE READY ğŸ’œ #avengersendgame @ The Breeze BSD City https://t.co/VAjWrzznmu,JaciDeeBlacks
52,5cc045c791c00645a4021707,24/04/2019 11:17,0,en,34.15857826,-118.3250169,0,"ğŸ¥ @marvel marvelstudios #avengersendgame ğŸ™ŒğŸ½ğŸ’¯ EPIC!!!
#ironman #captainamerica #thor #blackwidow #hulk #hawkeyeâ€¦ https://t.co/etZmqkMS58",romeoatlsfinest
53,5cc0461491c00645a4021709,24/04/2019 11:18,0,en,13.64738276,100.6814709,0,"Avengers: Endgame  #AvengersEndgame #Avengers (@ Mega Cineplex in Bang Phli, Samut Prakan) https://t.co/IskCNQQrGV",AeyLY
54,5cc0463391c00645a402170b,24/04/2019 11:19,0,th,13.58310021,100.6091731,0,#avengers #avengersendgame #à¸­à¹€à¸§à¸™à¹€à¸ˆà¸­à¸£à¹Œ #à¸­à¹€à¸§à¸™à¹€à¸ˆà¸­à¸£à¹Œà¹€à¸œà¸”à¹‡à¸ˆà¸¨à¸¶à¸ #avengers4 #marvel @ Major Cineplex Robinson Samutprakan https://t.co/99GkwX2uPH,Gunpipat_W
55,5cc0464c91c00645a402170d,24/04/2019 11:19,0,en,10.71420045,122.5514439,0,so ready for the #avengersendgame @ SM City Iloilo https://t.co/Hzyfi8Yb52,vinnigretch
56,5cc046c991c00645a402170f,24/04/2019 11:21,0,en,7.44547531,125.8095825,0,"Survived the 3 hours.

#AvengersEndGame
#NoPostCredits @ CityMall Cinema Tagum https://t.co/xJRLwGO8gV",joveleO
57,5cc046fb91c00645a4021711,24/04/2019 11:22,0,en,10.71420045,122.5514439,0,so ready for the #avengersendgame @ SM City Iloilo https://t.co/Mki2GRobOh,vinnigretch
58,5cc0474e91c00645a4021713,24/04/2019 11:23,0,en,52.51004618,13.37317387,0,And now #avengersendgame @ Imax 3D im SONY Center https://t.co/N13Ocm6aEy,TheatreTwins
59,5cc0476191c00645a4021715,24/04/2019 11:24,0,en,10.71420045,122.5514439,0,so ready for the #avengersendgame @ SM City Iloilo https://t.co/e6nVcECknY,vinnigretch
60,5cc0483391c00645a4021717,24/04/2019 11:27,0,en,13.76588043,100.642645,0,Day 1 #Avengers #AvengersEndgame #WednesdayNight @ SFC Cinema City the Mall Bangkapi https://t.co/8n22IBDZXr,xiaoguin
61,5cc048d691c00645a4021719,24/04/2019 11:30,0,en,13.74587903,100.5350625,0,"à¸§à¸´à¸˜à¸µà¸à¸²à¸£à¸«à¸¥à¸šà¸ªà¸›à¸­à¸¢à¸¥à¹Œà¸—à¸µà¹ˆà¸–à¸¹à¸à¸•à¹‰à¸­à¸‡ #AvengersEndgame (@ Paragon Cineplex in Pathum Wan, Bangkok) https://t.co/LCBoMJt5Pw",nxnniiie
62,5cc048f591c00645a402171b,24/04/2019 11:30,0,en,13.73147127,100.5692706,0,#à¸£à¸³à¸„à¸²à¸à¸à¸§à¸à¸ªà¸›à¸­à¸¢à¸¥à¹Œ #togtag #TandT #avengersendgame @ Emquartier - à¹€à¸­à¹‡à¸¡à¸„à¸§à¸­à¹€à¸—à¸µà¸¢à¸£à¹Œ https://t.co/n7VyyNPTcG,dekwanz
63,5cc0495391c00645a402171d,24/04/2019 11:32,0,ru,55.75311,37.58753,0,"ĞĞ° Ğ·Ğ°ĞºÑ€Ñ‹Ñ‚Ğ¾Ğ¹ Ğ¿Ñ€ĞµĞ¼ÑŒĞµÑ€Ğµ Ñ„Ğ¸Ğ»ÑŒĞ¼Ğ° #ĞœĞ°Ñ€Ğ²ĞµĞ» - #ĞœÑÑ‚Ğ¸Ñ‚ĞµĞ»Ğ¸Ğ¤Ğ¸Ğ½Ğ°Ğ».
#Marvel #AvengersEndgame #Avengethefallen @ ĞšĞ°Ñ€Ğ¾ 11 ĞĞºÑ‚ÑĞ±Ñ€ÑŒ https://t.co/zYljf74IlC",ap_alexpayne
64,5cc0497591c00645a402171f,24/04/2019 11:33,0,en,13.76326031,100.5723345,0,"à¹€à¸Šà¸´à¸à¸ªà¸›à¸­à¸¢à¸¥à¹Œà¹„à¸”à¹‰à¸•à¸²à¸¡à¸ªà¸šà¸²à¸¢

#AvengersEndGame @ MCOT radio network https://t.co/GZn8IKpJXT",djsillyrabbit
65,5cc04a4491c00645a4021721,24/04/2019 11:36,0,en,14.5359618,120.9807056,0,"What An Epic Ending,
22 Films, Spanning 11 Years...

Wow Just Wow!!!!!!!

#AvengersEndGame
#DontSpoilTheEndgame @ Iâ€¦ https://t.co/21pS0UYY5G",officialJEFF03
66,5cc04af891c00645a4021723,24/04/2019 11:39,0,en,14.65821425,120.9717321,0,"Oh Yes! #avengersendgame ğŸ˜ğŸ˜„

PS. Salamat sa mabait kong mhieâ¤ï¸ sa pagpayag. ğŸ˜˜ @ SM Center Sangandaan https://t.co/HhyACzYxC4",KhingGamido
67,5cc04afd91c00645a4021725,24/04/2019 11:39,0,it,45.439739,10.864349,0,#thespacecinema #cinema #marvel #marvelstudios #disney #avengers #avengersendgame @ The Space Cinema https://t.co/Vc4o57HoLu,seba_b1983
68,5cc04b0091c00645a4021727,24/04/2019 11:39,0,en,14.55042093,121.0513154,0,"Yey this is it!

#AvengersEndgame
#GlobeAvengers
#CompleteTheMission @ Bonifacio Global City ""Fort BGC"" - Taguig Ciâ€¦ https://t.co/6PlyzAufmQ",ChikkanessAve
69,5cc04b2691c00645a4021729,24/04/2019 11:40,0,en,14.53521222,120.9808213,0,Whatever it takes. â¤ï¸ #avengersendgame @ SM Cinema https://t.co/8A6MojRyRe,asdfghazelnep
70,5cc04b3491c00645a402172b,24/04/2019 11:40,0,en,13.758832,100.56649,0,"à¹„à¸›à¸ˆà¸±à¸à¸£à¸§à¸²à¸¥à¸­à¸·à¹ˆà¸™à¹à¸›à¹Šà¸š #AvengersEndgame (@ Zigma Cinestadium in ë°©ì½•, Krung Thep Maha Nakhon) https://t.co/MOMQqqxqGg",MinMiz
71,5cc04b4191c00645a402172d,24/04/2019 11:40,0,en,7.934619,125.100531,0,"Oh my good lord!!! #AvengersEndgame (@ Movieworld in Valencia City, Bukidnon) https://t.co/td6Neyvue1",jude_rick
72,5cc04b4e91c00645a402172f,24/04/2019 11:40,0,en,1.43616734,103.7863032,0,Settled at the theatre !!!! No rush or crowd at the theatre as all should have booked the tickets at adavance salesâ€¦ https://t.co/SNHLVqdHM4,Ayyappakumar10
73,5cc04b5991c00645a4021731,24/04/2019 11:41,0,th,13.81190967,100.6195869,0,#AvengersEndGame is the best ! i love you all. à¸­à¸¢à¸²à¸à¸£à¹‰à¸­à¸‡à¹„à¸«à¹‰ @ Sfx Cinema The Crytral Ekamai-Ramintra https://t.co/hiafYr85Si,CeciliaKwang
74,5cc04b6691c00645a4021733,24/04/2019 11:41,0,it,45.439739,10.864349,0,#thespacecinema #cinema #marvel #marvelstudios #disney #avengers #avengersendgame #moneta #coin @ The Space Cinema https://t.co/Z12oUgAqzW,seba_b1983
75,5cc04b8391c00645a4021735,24/04/2019 11:41,0,en,-6.3346658,107.1636281,0,"Finally! D-DAY is coming. So Today is the ENDGAME y'all ğŸ«Â 
.
.
.
#AvengersEndGame #nospoilerspoilerclubâ€¦ https://t.co/sXgvV6bCbw",ripeuki
76,5cc04b9891c00645a4021737,24/04/2019 11:42,0,it,45.439739,10.864349,0,#thespacecinema #cinema #marvel #marvelstudios #disney #avengers #avengersendgame #popcorn @ The Space Cinema https://t.co/LlRHbHSbHh,seba_b1983
77,5cc04be091c00645a4021739,24/04/2019 11:43,0,ar,21.4271984,39.297829,0,#Ù…ØªÙˆÙØ±_Ø§Ù„Ø§Ù† #Ù‡Ù„_ÙŠØ¯ÙˆÙ…_Ø§Ù„Ø­Ø¨ #ÙˆØ´_ØªÙ‚ÙˆÙ„_Ù„Ù…Ø³ØªÙ‚Ø¨Ù„Ùƒ #ØªØ±Ù†Ø¯_ÙÙˆÙ† #trend_phone #AvengersEndgame #Ù†Ø·Ø§Ù„Ø¨_Ø­Ø¸Ø±_Ø¨Ø¨Ø¬ÙŠ_Ø¨Ø§Ù„Ø³Ø¹ÙˆØ¯ÙŠÙ‡â€¦ https://t.co/soraGtMnqS,trendphoneSA
78,5cc04bec91c00645a402173b,24/04/2019 11:43,0,en,6.12558505,100.3668821,0,"#AvengersEndGame done! (@ Golden Screen Cinemas (GSC) - @gscinemas in Alor Star, Kedah) https://t.co/kKw9ZYf14y",gxxnnnnnn
79,5cc04c3991c00645a402173d,24/04/2019 11:44,0,es,42.6056,-5.57,0,"1 DÃ­a #avengers #vengadores #avengersendgame #vengadoresendgame #ironman #marvel #comic en LeÃ³n, Spain https://t.co/llem7SfMnq",Leones_rg
80,5cc04cc291c00645a402173f,24/04/2019 11:47,0,en,3.13530971,101.6230631,0,Wakanda forever!!!! #AvengersEndGame #PetronFuelHappy @ The Starling https://t.co/eA4hXBgfl2,EyrahClyne
81,5cc04cc891c00645a4021741,24/04/2019 11:47,0,zh-tw,25.03529214,121.5670366,0,"ä¸çˆ†é›·ä¸åŠ‡é€ğŸ¤ä½†çœŸçš„å¥½å¥½çœ‹ğŸ˜
#movie #day #with #friend #smiley #boy #avengers #avengersendgame #endgame #firstday #love #itâ€¦ https://t.co/MqpfCCW6Tz",dex_yang
82,5cc04cef91c00645a4021743,24/04/2019 11:47,0,en,7.09102067,125.6112728,0,"#avengersendgame 
#justthetwoofusâ¤â¤ 
#avengersloversğŸ’– @ Abreeza Mall of Davao, Davao City https://t.co/Ff676QWO3R",0808joc
83,5cc04d1291c00645a4021745,24/04/2019 11:48,0,en,14.59513686,121.1728048,0,"At dahil naexperience kong makalong at hindi expired ang nainom kong gamot nung bata pa ako, di ako mang-i-spoil. Lâ€¦ https://t.co/WqZs45HdXg",eamaehr0518
84,5cc04d2b91c00645a4021747,24/04/2019 11:48,0,th,13.69466267,100.6485022,0,OPPO F11 Pro Marvel's Avengers Limited Edition to pre-order now in Thailand. #OPPOF11Pro #AvengersEndgame @ Seaconâ€¦ https://t.co/WYS6qlB6Gv,todtyth
85,5cc04de591c00645a4021749,24/04/2019 11:51,0,th,13.98759391,100.6166163,0,190424 à¹„à¸¡à¹ˆà¸„à¸²à¸”à¸«à¸§à¸±à¸‡à¸§à¹ˆà¸²à¸ˆà¸°à¹„à¸”à¹‰à¸”à¸¹à¸§à¸±à¸™à¹à¸£à¸ à¹à¸•à¹ˆà¸à¹‡à¹„à¸”à¹‰ 5555555 #avengersendgame @ Major Cineplex Rangsit à¹€à¸¡à¹€à¸ˆà¸­à¸£à¹Œà¸£à¸±à¸‡à¸ªà¸´à¸• https://t.co/5epnf1s7w1,hmwr_mk
86,5cc04de591c00645a402174b,24/04/2019 11:51,0,en,13.94084716,121.6247368,0,"Just got out of the quantum realm to watch a movie... 

g.i.z.e.l.l.e

#AvengersEndGame
#TimeHeist @ SM City Lucena https://t.co/cHeWP8heOe",jerkyjeck
87,5cc04df191c00645a402174d,24/04/2019 11:52,0,zh-CN,28.6411,111.779,0,"I'm not crying,The Avengers End Game is the best movie of Marvel Studios!
#avengersendgame #marvel @ Xiangtan, China https://t.co/FRRhpN4nZF",Vancheafore
88,5cc04e3791c00645a402174f,24/04/2019 11:53,0,th,13.82859802,100.5685704,0,#avengersendgame @ Major Cineplex Ratchayothin | à¹€à¸¡à¹€à¸ˆà¸­à¸£à¹Œ à¸‹à¸µà¸™à¸µà¹€à¸à¸¥à¹‡à¸à¸‹à¹Œ à¸£à¸±à¸Šà¹‚à¸¢à¸˜à¸´à¸™ https://t.co/X8cbdaOPSU,Sitthiphong_B
89,5cc04e8791c00645a4021751,24/04/2019 11:54,0,en,14.54595164,121.0540581,0,Before #AvengersEndgame happened. @ SM Aura Premier https://t.co/gVSKADUdbZ,jrdnmj
90,5cc04eda91c00645a4021753,24/04/2019 11:56,0,en,14.65093913,121.0357547,0,#avengersendgame ğŸ’™ @ Ayala Malls Vertis North https://t.co/iWqeKiirRF,BinkyPunzalan
91,5cc04faa91c00645a4021755,24/04/2019 11:59,0,en,25.93386,-80.12182,0,"Avengers: Endgame
#avengersendgame #marvel #dnzm9e #bxnzm9e #bnzm9e #dnzm9eğŸ¤£ğŸ¤—ğŸ˜‰ #comingsoon @ Sunny Isles Beach, Floâ€¦ https://t.co/5OqyTVEzdR",bxnzm9e
92,5cc0506991c00645a4021757,24/04/2019 12:02,0,en,13.7584944,100.5662141,0,Avengers4 #endgame #avengersendgame @ SFX Cinema at Central Plaza Grand Rama 9 https://t.co/7N5Pe7UfYp,jubjangen
93,5cc0507391c00645a4021759,24/04/2019 12:02,0,en,6.43933012,3.47121794,0,"We are in the end game now, get a chance to be one of the super hero's that save the world , see you today . 
.
.â€¦ https://t.co/Np59rWNRmk",PhotoGenicNg
94,5cc050a891c00645a402175b,24/04/2019 12:03,0,en,13.98772605,100.6165104,0,"#AvengersEndgame (@ Major Cineplex Rangsit in Thanyaburi, Pathum Thani) https://t.co/2WhwLCLOsY",WhatAver
95,5cc050d091c00645a402175d,24/04/2019 12:04,0,en,40.36551,-79.98213,0,"Over the next week, please be mindful of others in the shop. We will have seen #AvengersEndgame after opening nightâ€¦ https://t.co/6zK065J0X6",SouthSideComics
96,5cc050f191c00645a402175f,24/04/2019 12:04,0,en,3.13443126,101.7229271,0,#SaveMoneyII #avengersendgame #SpecialScreening #è°¢è°¢é‚€è¯· #KOLS #å°è±¡ç›´æ’­ #ç«ç®­å…¬ä¼š @ MyTOWN Shopping Centre https://t.co/eXkWsWbdXG,kiro_qile
97,5cc0515491c00645a4021761,24/04/2019 12:06,0,en,15.16782612,120.580101,0,After a whole day of paper works ğŸ“ƒğŸ“œ now itâ€™s time to chill . Iâ€™m ready for you #thanos #avengersendgame #nowshowingâ€¦ https://t.co/Gj6TNBySz1,metmiitch
98,5cc0517d91c00645a4021763,24/04/2019 12:07,0,en,3.127835,101.724505,0,"Whatever it takes! #avengersendgame
As usual, I will go for the 1st show.

TGV starts 1st. Bought the tixs at 9am.â€¦ https://t.co/FE7DbIwM6N",merrYabbYLaraC
99,5cc051a791c00645a4021765,24/04/2019 12:08,0,en,13.98947427,100.6170515,0,"#AvengersEndGame

Walang tanghalian at hapunan, tubig lang.
Tanong! Mapanuod ko kaya to ng maayos ng 3hours? Hahaâ€¦ https://t.co/mPKH2GKnQw",PrinceBert
100,5cc051d291c00645a4021767,24/04/2019 12:08,0,th,13.74606968,100.5340924,0,"à¸–à¸¶à¸‡à¹€à¸§à¸¥à¸² ""à¹€à¸œà¸”à¹‡à¸ˆà¸¨à¸¶à¸""
#AvengersEndgame #AvengersThailand #EndgameTH @ Paragon Cineplex https://t.co/pLiFVWPwF5",cocoonball
101,5cc051d591c00645a4021769,24/04/2019 12:08,0,en,3.02757347,101.7179059,0,"#AvengersEndGame (at @TGVCinemas in Seri Kembangan, Selangor) https://t.co/bfcoe8W2i9",khairuzam
102,5cc0520691c00645a402176b,24/04/2019 12:09,0,en,14.64052,121.06108,0,Us after watching the #avengersendgame . ğŸ’¯ What a great time to be alive and to witness an amazing tribute to the Mâ€¦ https://t.co/obIVfEpF2X,wadoughs
103,5cc0522f91c00645a402176d,24/04/2019 12:10,0,th,13.69761446,100.5372852,0,"#AvengersEndgame (@ Major Cineplex Rama 3 in Yan Nawa, Bangkok) https://t.co/uPl6hiORoh",nanznan
104,5cc0528191c00645a402176f,24/04/2019 12:11,0,th,8.15986824,99.67603036,0,ğŸ¬ à¸—à¸³à¹„à¸¡à¸•à¸·à¹ˆà¸™à¹€à¸•à¹‰à¸™à¸¡à¸²à¸à¸à¸à¸ ğŸ¤©#AvengersEndGame #à¸­à¹€à¸§à¸™à¹€à¸ˆà¸­à¸£à¹Œà¸ªà¹€à¸œà¸”à¹‡à¸ˆà¸¨à¸¶à¸ @ Major Cineplex à¸ªà¸«à¹„à¸—à¸¢à¸à¸¥à¸²à¸‹à¹ˆà¸² à¸—à¸¸à¹ˆà¸‡à¸ªà¸‡ https://t.co/XV27UaAM1a,nuttakorn25
105,5cc0535291c00645a4021771,24/04/2019 12:15,0,en,1.53562583,110.3576103,0,"#AvengersEndgame (@ MBO Cinemas in Kuching, Sarawak) https://t.co/cYB7DyCRm6",pjzkr
106,5cc0536491c00645a4021773,24/04/2019 12:15,0,en,25.25820199,51.4415345,0,"#AvengersEndgame (@ Villaggio IMAX in Doha, Qatar) https://t.co/mQbRzb7m0N",Moolan_
107,5cc0536891c00645a4021775,24/04/2019 12:15,0,en,5.9714,116.095,0,"Everyone got their eyes on #avengersendgame but I got my eyes on you.

#pickupline #avengers #dontspoiltheendgame @â€¦ https://t.co/4y8anUiY5u",nabilmahir
108,5cc0915891c0063b20537dab,24/04/2019 16:39,0,en,3.14833,101.616785,0,"Please, when you see the movie don't spoil it for others, the same way you wouldn't want it spoiled for you!â€¦ https://t.co/9oh0t2OiNf",Menorrmirr
109,5cc0918b91c0063b20537dad,24/04/2019 16:40,0,ar,29.33946338,48.06618106,0,"#AvengersEndgameÂ  ğŸ¿ (@ Cinescape in SÄlimÄ«yah, Kuwait, Muá¸©ÄfazÌ§at á¸¨awallÄ«) https://t.co/r3aFVXKrka",IaFo2e
110,5cc0919391c0063b20537daf,24/04/2019 16:40,0,it,45.16764,10.8234,0,"#AvengersEndgame!!! (@ Cinecity in Mantova, MN) https://t.co/4Zu0w6OCnY",iseeadarkness_
111,5cc0919591c0063b20537db1,24/04/2019 16:40,0,en,3.02757347,101.7179059,0,"#AvengersEndGame ğŸš€ (at @TGVCinemas in Seri Kembangan, Selangor) https://t.co/vuZC3EE6bK",syxrs
112,5cc0924d91c0063b20537db3,24/04/2019 16:43,0,en,15.16782612,120.580101,0,Yeah itâ€™s all about time machine and going to the past to fix everything #avengersendgame #nowwatching #nowshowingâ€¦ https://t.co/jc4nd2v2tp,metmiitch
113,5cc0929991c0063b20537db5,24/04/2019 16:45,0,th,12.95050642,100.8880305,0,#avengersendgame #pattaya #thailand @ Terminal21 Pattaya Shopping Mall https://t.co/KQRY4F1N9s,nl_galaxy
114,5cc092ad91c0063b20537db7,24/04/2019 16:45,0,en,37.48523656,127.0473562,0,"ì„¸ìƒì—.. ë‚´ê°€ ë­˜ ë³¸ê±°ì§€..?
.
.
.
#ì–´ë²¤ì ¸ìŠ¤ì—”ë“œê²Œì„ #AvengersEndgame #Marvel #OMG #thankyousomuchâ™¥ï¸ 
#ì°¸ê°ì‚¬í•œì¼ì´ë‹¤ğŸ™ğŸ» #ëµì‘ì˜¤ë¸Œëµì‘ #4DXâ€¦ https://t.co/XC5DCKFJ0R",jukwanglee
115,5cc092df91c0063b20537db9,24/04/2019 16:46,0,fr,43.55248,7.0167,0,AprÃ¨s midi dÃ©tente au cinema au top ğŸ˜‰ #avengersendgame @marvel j'ai adorÃ© ğŸ‘ Ã  CinÃ©ma Olympia Cannes https://t.co/iyL186d89l,Titijade
116,5cc092e191c0063b20537dbb,24/04/2019 16:46,0,en,34.2622,108.938,0,"ã€ŠAvengers 4ã€‹#marvel #marvelstudios #marvelmovies #avengersendgame #avengers #avengers4 â¤ï¸â¤ï¸â¤ï¸ @ Xian, China https://t.co/ek79LesTfZ",Amy221291
117,5cc092e291c0063b20537dbd,24/04/2019 16:46,0,en,3.21154885,101.7498462,0,Kazza family ğŸ˜˜ #Movie #AvengersEndGame @ Kazza Network https://t.co/9JuPMU5b5K,AzreenBadang
118,5cc092ed91c0063b20537dbf,24/04/2019 16:46,0,en,52.50564226,13.33010541,0,Dread it. Run from it. Your bladder fills all the same. ğŸ»#Thanos #Endgame #Beer #Berlin #AvengersEndgame @ Wartesaaâ€¦ https://t.co/zO4K0L8zql,JoeLipari
119,5cc093dc91c0063b20537dc1,24/04/2019 16:50,0,es,20.65346641,-103.3912698,0,Fa falieron feso... #infinitygauntlet #talentland #YaMero #avengersendgame @ Expo Guadalajara https://t.co/Ongu3N2QHU,pepedrake
120,5cc0940391c0063b20537dc3,24/04/2019 16:51,0,en,-32.01996067,115.9389297,0,My heart needs a break ğŸ’” #avengersendgame #endgame #endgamehype #bdaymovie #marvel @ Hoyts Australia CAROUSEL https://t.co/oTxKGXLdGR,ThisizHtarni
121,5cc0945b91c0063b20537dc5,24/04/2019 16:52,0,en,1.33340002,103.7402852,0,"#AvengersEndGame done #DrStrangeDemandsYourSilence

#iseewhatyoudidthere @ JCube https://t.co/5N4K1TCnou",truestampede
122,5cc0946091c0063b20537dc7,24/04/2019 16:52,0,en,3.17748699,101.7496682,0,"#AvengersEndgame (@ TGV Cinemas in Setiawangsa, Wilayah Persekutuan Kuala Lumpur) https://t.co/SNU68Ok5Dd",AhmadSyvfiq
123,5cc094a191c0063b20537dc9,24/04/2019 16:53,0,es,28.371,-81.518,0,"En cines este viernes y no te la querrÃ¡s perder!
avengers #avengersendgame #ironman #captainamerica #hulk #hulkâ€¦ https://t.co/ZFXwz97eTB",axelperezradio
124,5cc094c491c0063b20537dcb,24/04/2019 16:54,0,en,14.53507657,120.9818523,0,"Thank you to the sponsors! Thank you #MarvelStudios! ğŸ‘ğŸ‘ğŸ‘
I want to see it again! ğŸ˜ŠğŸ‘
#dontspoiltheendgameâ€¦ https://t.co/7uAFhB5LEB",iBullit
125,5cc094e791c0063b20537dcd,24/04/2019 16:54,0,en,57.4814294,-4.17915922,0,"It's almost time.

#avengersendgame #avengers #cinema #movie #film #mcu #tickets #blackandwhite #image #picturesâ€¦ https://t.co/0zXaLyBwF6",GamingDadsFB
126,5cc0953191c0063b20537dcf,24/04/2019 16:56,0,es,-11.7652,-76.4758,0,Hoy es el maldito dÃ­a! VerÃ© #AvengersEndgame a medianoche en el @jockey_plaza. Ustedes dÃ³nde la verÃ¡n? en Lima Regiâ€¦ https://t.co/PJSsDl0olT,LordMefe
127,5cc0958c91c0063b20537dd1,24/04/2019 16:57,0,en,14.51896992,121.0193825,0,"Happy ang mga mataba sa #avengersendgame  super ganda. Worth ang 3hours na screen time. â¤ï¸ğŸ˜Š

Ang dami kong tanong aâ€¦ https://t.co/YlqrqmPD2x",FluffyMamon
128,5cc095df91c0063b20537dd3,24/04/2019 16:59,0,pt,-20.1949,-40.2442,0,ğŸ¤â¤Ã‰ amanhÃ£!!! 25/04/19 Save the date! #groot #hulk #thor #marvel #avengers #vingadoresultimato #avengersendgameâ€¦ https://t.co/a0xh7zl7Fv,Celina_Rocha
129,5cc0965091c0063b20537dd5,24/04/2019 17:00,0,en,13.77834267,100.4776063,0,"#à¹„à¸¡à¹ˆà¸­à¸¢à¸²à¸à¹ƒà¸«à¹‰à¸ˆà¸šà¹€à¸¥à¸¢à¸ˆà¸£à¸´à¸‡à¹†ğŸ¥º #avengersendgame
#24042019 @ Majorcineplex Pinklao-à¹‚à¸£à¸‡à¸ à¸²à¸à¸¢à¸™à¸•à¸£à¹Œà¹€à¸¡à¹€à¸ˆà¸­à¸£à¹Œ à¸›à¸´à¹ˆà¸™à¹€à¸à¸¥à¹‰à¸² https://t.co/f3tZzuRWM6",FaMe_AtOm
130,5cc0967891c0063b20537dd7,24/04/2019 17:01,0,en,40.4411,-79.9975,0,"Ant-Man #455
End Game
â–â–â–â–â–â–â–â–â–
.
.
.
.
#pittsburghpopcollectors #funko #funkopopcollector23 #pittsburghâ€¦ https://t.co/JYLoEzaFrQ",funkopop23
131,5cc096ed91c0063b20537dd9,24/04/2019 17:03,0,fr,48.86764253,2.77920573,0,Endgame ... ğŸ‘ŠğŸ»ğŸŒŸ #disneyworld #avengersendgame #spiderman #thor #captainmarvel #loki #avengersinfinitywar avengers câ€¦ https://t.co/zV83sfdUlg,noualisa
132,5cc0971b91c0063b20537ddb,24/04/2019 17:04,0,en,14.41910576,121.0347335,0,"Steve Rogers:Â We will. Whatever it takes.
Clint Barton:Â Whatever it takes.
Natasha Romanoff:Â Whatever it takes.
Tonâ€¦ https://t.co/NBizAur1E0",RandellTan
133,5cc0975191c0063b20537ddd,24/04/2019 17:05,0,en,51.50711486,-0.12731805,0,@djexpliss is watching endgame tonight with the crew sooo fricken hyped with @whoisdjremedy @Photoflash_Ceo 6 hoursâ€¦ https://t.co/S4kVlf5uuB,djexpliss
134,5cc097c291c0063b20537ddf,24/04/2019 17:07,0,es,40.71395583,-74.09179688,0,"#Spoiler
#AvengersEndgame en The Marvel Studio https://t.co/GViIBwB0cF",juanthecompany
135,5cc097cc91c0063b20537de1,24/04/2019 17:07,0,en,14.56466239,121.0368253,0,"Get your tickets now!!!

 #avengersendgame is #inevitable!

@myskyupdates 
#meandmysky 
#skylifeph 
#foodandlifeâ€¦ https://t.co/ATHHaq8NaD",paula_dimla
136,5cc0984091c0063b20537de3,24/04/2019 17:09,0,en,25.38399943,51.44359599,0,LET'S DO THIS. #AvengersEndgame @ VOX Cinemas Qatar https://t.co/43JGBjj2Qr,thefirstpancake
137,5cc0984591c0063b20537de5,24/04/2019 17:09,0,en,42.43761487,19.23564261,0,We are ready for the ENDGAME!!! #avengersendgame #premiere #bigfans #captainamerica @ Delta City Podgorica https://t.co/rCJauuhyrn,saky1987
138,5cc0985591c0063b20537de7,24/04/2019 17:09,0,fr,48.86625708,2.78735573,0,Le Coca Framboise aprÃ¨s #AvengersEndgame 4DX https://t.co/5Jy8GuaJSX,Guillaume__T
139,5cc0988091c0063b20537de9,24/04/2019 17:10,0,en,25.07945687,121.235103,0,"#AvengersEndgame stars #RobertDowneyJr (#IronMan), #ChrisEvans (#CaptainAmerica) and #ChrisHempsworth (#Thor) leftâ€¦ https://t.co/G8rya2SEIr",mydeeds
140,5cc0993f91c0063b20537deb,24/04/2019 17:13,0,en,14.5648384,121.0363072,0,"that one time we occupied one whole row of the cinema~
#avengersendgame @ Powerplant Mall, Rockwell Center https://t.co/wWsk81pdV5",rammnl
141,5cc0993f91c0063b20537ded,24/04/2019 17:13,0,en,14.53521222,120.9808213,0,Hi Carol. #avengersendgame #avengers @ SM Cinema https://t.co/K4SbMcbvYQ,TheGeekyJuans
142,5cc0994b91c0063b20537def,24/04/2019 17:13,0,en,14.63358259,121.0196705,0,"BEST. MOVIE. EVER!!! ğŸ‘ğŸ‘ğŸ‘â¤â¤â¤ 
-
-
#avengersendgame #marvel #mcu @ Fisher Box Office VIP Cinema https://t.co/1FWSocjm0o",jojae_na
143,5cc0997591c0063b20537df1,24/04/2019 17:14,0,en,52.0594,1.1556,0,Ready for #avengers #avengersendgame the complete #mcu #collection apart from #captainmarvel just waiting on that tâ€¦ https://t.co/DNmDG1CjGw,oconnor7783
144,5cc099f591c0063b20537df3,24/04/2019 17:16,0,th,13.94030328,100.5528878,0,à¸ªà¸´à¹‰à¸™à¸ªà¸¸à¸”à¸à¸²à¸£à¸£à¸­à¸„à¸­à¸¢..à¸„à¸·à¸™à¸™à¸µà¹‰ à¸à¸µà¹ˆà¸«à¸¥à¸±à¸šà¸ªà¸šà¸²à¸¢à¸¥à¸°...ğŸ˜ªğŸ˜ª #avengersendgame @ SF Cinema à¹‚à¸£à¸šà¸´à¸™à¸ªà¸±à¸™ à¸¨à¸£à¸µà¸ªà¸¡à¸²à¸™ https://t.co/UuPMrwLdkO,puisuttirat
145,5cc09a2491c0063b20537df5,24/04/2019 17:17,0,en,59.33595278,18.06698843,0,About to watch #AvengersEndGame before you! Avengers Assemble! (@ Biograf Saga - @sfbio in Stockholm w/ @scottcate)â€¦ https://t.co/lLG61mmpqy,film_girl
146,5cc09a4d91c0063b20537df7,24/04/2019 17:17,0,en,34.0733,-84.2811,0,"Getting geared up for #avengers #avengersendgame mcdonalds #captainamerica #ironman @ Alpharetta, Georgia https://t.co/g5LdMoMaGn",TaraLeeSav
147,5cc09a7091c0063b20537df9,24/04/2019 17:18,0,en,14.38524411,120.9789348,0,A moment of silence for the End Game. 11/10 ğŸ‘ ğŸ‘ ğŸ‘ #avengersendgame @ Vista Mall Daang Hari https://t.co/DNOPxfiVIN,paoloMeee
148,5cc09a7091c0063b20537dfb,24/04/2019 17:18,0,hu,47.51423355,19.0598022,0,#AvengersEndgame (@ Cinema City in Budapest w/ @akoskovacsme @polyakdani) https://t.co/nF430oPUEL,zakkantanett
149,5cc09a9991c0063b20537dfd,24/04/2019 17:19,0,en,28.3922,77.3208,0,"#avengersendgame from #Gcam ğŸ¤£ğŸ¤£ 
#TeamPixel @ Faridabad https://t.co/N1u3nbo2T2",critic_nipun
150,5cc09afd91c0063b20537dff,24/04/2019 17:20,0,es,6.23290299,-75.60405572,0,Ahora si todo listo para el estreno hoy de #AvengersEndgame en Centro Comercial Los Molinos https://t.co/cKbkWUDs56,thebetssound
151,5cc09b3791c0063b20537e01,24/04/2019 17:21,0,en,14.51877954,121.0199264,0,"Watching #AvengersEndgame (@ Newport Cinemas in Pasay City, Metro Manila) https://t.co/tUoCIzqgYV",acedionisio
152,5cc09b4791c0063b20537e03,24/04/2019 17:22,0,en,14.62534595,121.1200384,0,"We just saw #avengersendgame and IT WAS EPICğŸ‘
3 hours of film, ending the Infinity Saga that lasted 11 years ğŸ¤©
I waâ€¦ https://t.co/TxgwZAtJH6",Jastin0326
153,5cc09b5591c0063b20537e05,24/04/2019 17:22,0,zh-cn,30.5595352,114.3333971,0,Bad three hours~ğŸ™„ğŸ¤¯ğŸ˜µ#avengersendgame @ ä¸‡è¾¾å½±åŸæ±‰è¡—åº— https://t.co/fNaG4I1bCG,Xerxes_Xu
154,5cc09b9a91c0063b20537e07,24/04/2019 17:23,0,es,19.43208563,-99.20048611,0,#avengersendgame #happiestgirl #freckles #hulk #thor #ironman #spiderman #capitanamerica #picoftheday en Smartfit Mâ€¦ https://t.co/WV26No4cYG,angiuka
155,5cc09d8e91c0063b20537e09,24/04/2019 17:31,0,en,14.65323976,121.0336053,0,"Oh man, I can watch this all day. ğŸ˜­ #AvengersEndGame @ Trinoma https://t.co/rIhju66Aq8",Troiiiiiiii
156,5cc09d9691c0063b20537e0b,24/04/2019 17:32,0,pt,-23.55,-46.6333,0,"Vingadores Ultimato. SÃ³ vem! 
Olha sÃ³ esta arte do @BashSultani 

#avengers #vingadoresultimato #avengersendgameâ€¦ https://t.co/YFU6hUrbVf",AraujosGeek
157,5cc09dac91c0063b20537e0d,24/04/2019 17:32,0,pl,50.0647664,19.98400569,0,Maraton #avengers #avengersendgame #koniecgry #marvel #MCU w: Galeria Plaza https://t.co/8YQSRptKEV,TomaszSynowiec
158,5cc09e1391c0063b20537e0f,24/04/2019 17:34,0,fr,50.63413591,3.06310853,0,Jâ€™aime donner sa chance au cinÃ©ma indÃ©pendant #avengersendgame #1heureavantlefilm #malifeaucinema parlonspeloches Ã â€¦ https://t.co/cK0wymNuvd,roussette
159,5cc09e6f91c0063b20537e11,24/04/2019 17:35,0,en,7.07306,125.613,0,My movie date ğŸ˜ğŸ¥ğŸ¬ pahiram muna anarie_03 ha ğŸ˜œ â—€ï¸swipeâ–¶ï¸ #avengersendgame #movienight @ SM Lanang Premier https://t.co/0kLak9sevZ,hazelsolon
160,5cc09e7f91c0063b20537e13,24/04/2019 17:35,0,es,28.6454,-106.0658,0,MaÃ±ana a media noche llega el tan esperado estreno de marvelstudios avengers #endgame #avengersendgame en Chihuahuaâ€¦ https://t.co/XQsv2JU702,Radio_LobosUD
161,5cc09e8191c0063b20537e15,24/04/2019 17:35,0,en,34.4166,-118.506,0,"Me surfing the internet trying to avoid #avengersendgame #spoilers 
.
.
.
.
#Avengers #gif #meme #endgame #airplaneâ€¦ https://t.co/eV7hh3qxT5",Reber21
162,5cc09ecc91c0063b20537e17,24/04/2019 17:37,0,en,48.78383897,2.19741712,0,Off to see #avengersendgame and there is a small queue outside the theater :p #movie #friends #avengers #hype @ VÃ©lâ€¦ https://t.co/jAUKLDAOUo,samajestay
163,5cc09f6a91c0063b20537e19,24/04/2019 17:39,0,en,2.96202348,101.7613663,0,"Post #AvengersEndGame koyak (@ Restoran Barra in Bandar Baru Bangi, Malaysia) https://t.co/4Bioe2FB0K",muhdfirdauus
164,5cc09fdd91c0063b20537e1b,24/04/2019 17:41,0,th,16.47502019,99.54995155,0,"#AvengersEndgame
10 / 10 / 10 ğŸ˜­ğŸ˜­ğŸ˜­ OR 100/10 ğŸ‘ğŸ‘ğŸ‘#TeamCaptainAmerica 1943-2019 = 76 ğŸ™‚â¤ğŸ™‚
â­
â­
â­
â­
â­
ğŸ˜˜à¸ à¸²à¸„à¸™à¸µà¹‰à¸«à¸¥à¹ˆà¸­à¸ªà¸¸à¸”à¹†à¹à¸¥à¹‰à¸§â€¦ https://t.co/9bFajjvb6K",PalmyIndieGurl
165,5cc0a01391c0063b20537e1d,24/04/2019 17:42,0,en,19.72155,77.15171,0,"We are in the avengers End Game now .
April 24 - ,movie property . Logo
@robertdowneyjr @chrishemsworth @brielarsonâ€¦ https://t.co/VItWSpYsEH",sankettapadiya
166,5cc0a01d91c0063b20537e1f,24/04/2019 17:42,0,cs,49.74912162,13.36909018,0,A je tady Endgame #avengersendgame #avengers #cinema #premiere #dokina #narvatsepopcornem @ Cinema City plaza plzeÅˆ https://t.co/G1GNXuNStv,krajnak
167,5cc0a26591c0063b20537e21,24/04/2019 17:52,0,en,29.30459447,47.94298804,0,"#AvengersEndgame ğŸ’ƒğŸ»ğŸ’ƒğŸ»ğŸ’ƒğŸ» (@ Vox Cinema | Theater By Rhodes in Al Kuwayt, Al Farwaniyah) https://t.co/N3Z207OTbN https://t.co/OwaKsvf8Bf",NFJ_F
168,5cc0a38a91c0063b20537e23,24/04/2019 17:57,0,en,8.9812,-79.5354,0,"ğŸ˜ˆGana un Funko de #avengersendgame de â€œHulkâ€â˜ƒï¸Gracias a nuestros amigos de originalfunko ğŸ”¥
Sigue las instruccionesâ€¦ https://t.co/GWTITdpSsl",XPuchoX86
169,5cc0a3bb91c0063b20537e25,24/04/2019 17:58,0,en,53.55421967,10.01409608,0,"The end of an era #AvengersEndgame (@ Savoy in Hamburg, Germany) https://t.co/3LVIMF4Tiz",riayn
170,5cc0a45591c0063b20537e27,24/04/2019 18:00,0,en,34.10116,-118.33981,0,Ready for more Avengers action! #22attheelcapwithnerdist #language #justslippedout #captaincensor #marvelstudiosâ€¦ https://t.co/j9lhACxmDi,JP_USA_Rock
171,5cc0a49791c0063b20537e29,24/04/2019 18:01,0,en,13.74448565,100.5295866,0,"â™¥ï¸â™¥ï¸â™¥ï¸ #AvengersEndgame (@ SF Cinema City - @welovesf in Pathum Wan, Bangkok) https://t.co/AIWmQVzhiW",ionize9
172,5cc0a4d291c0063b20537e2b,24/04/2019 18:02,0,fr,43.6119,3.8772,0,"Avengers TIME !!!!! #Avengethefallen #avengersendgame #TeamTitou Ã  Montpellier, France https://t.co/FQ8C5vl588",Phenixdark
173,5cc0a51291c0063b20537e2d,24/04/2019 18:03,0,en,5.43576144,100.3103942,0,"#AvengersEndGame ğŸ˜˜ (@ TGV Cinemas in George Town, Penang) https://t.co/gcpCFPsp5Y",AsrulJoyy
174,5cc0a57b91c0063b20537e2f,24/04/2019 18:05,0,en,55.01322921,-7.32082974,0,So ready for this! #avengersendgame @ Brunswick Moviebowl https://t.co/2DmJa0I0eJ,DannyTarr
175,5cc0a69591c0063b20537e31,24/04/2019 18:10,0,en,33.7877,-117.8533,0,"Avengers Countdown Day 5: Time Stone ğŸ•

Today only and Venti size only!

#bncafe #bncafeexclusive #avengersendgameâ€¦ https://t.co/RhEtI0T2FO",BNOrange
176,5cc0a69c91c0063b20537e33,24/04/2019 18:10,0,nl,51.24582014,4.4159483,0,#AvengersEndgame (at @Kinepolis in Antwerpen) https://t.co/oUSzcsIDfn,PTRVDA
177,5cc0a6a891c0063b20537e35,24/04/2019 18:10,0,es,-38.9,-72.66666667,0,Alguien dijo #avengersendgame #marvel #mode #whateverittakes en AraucanÃ­a Region https://t.co/7kur09SFK2,Ale_Avila_
178,5cc0a6e091c0063b20537e37,24/04/2019 18:11,0,en,19.13494014,72.83275749,0,"Let's go home from WORK...
Everyday I see this. It's in my regular route from office to work. But can't wait for 26â€¦ https://t.co/tHg20itucg",Ashrockz86
179,5cc0a6fc91c0063b20537e39,24/04/2019 18:12,0,en,14.58553496,121.0569737,0,"ğŸ˜­ğŸ¤«ğŸ¤«ğŸ™ŠğŸ™ŠğŸ’”ğŸ’”ğŸ’”ğŸ˜­ğŸ˜­ğŸ˜­ 
Done watching  #AvengersEndgame and I really don't know what caption to use...kase...basta...ano...ğŸ˜”ğŸ˜”ğŸ˜”â€¦ https://t.co/sAslia9Scd",dhadayanyan
180,5cc0a78b91c0063b20537e3b,24/04/2019 18:14,0,sv,55.6627523,12.56295091,0,"Endgame, beibi ğŸ˜ #AvengersEndgame #AvengersEndgameCph #TeamCap
ğŸ‰ğŸŠğŸ‰ğŸŠğŸ‰ğŸŠğŸ‰ğŸŠğŸ‰ğŸŠğŸ‰ğŸŠ
ğŸ‡§ğŸ‡ªâœˆğŸ‡©ğŸ‡°ğŸ¤—ğŸ‘­ğŸ¿ğŸ°ğŸğŸ¥‚ğŸŒ
ğŸ’ğŸŒâ˜„ğŸ’™ğŸ‘ğŸ˜‹ğŸ˜ğŸ”¥ğŸ˜˜â¤ 
ğŸ‰ğŸŠğŸ‰ğŸŠğŸ‰ğŸŠğŸ‰ğŸŠğŸ‰ğŸŠğŸ‰ğŸŠ @â€¦ https://t.co/WTpNWN0ZO7",LumiMoher
181,5cc0a7a191c0063b20537e3d,24/04/2019 18:14,0,en,48.8911888,2.23584652,0,We are super excited/unprepared to watch #AvengersEndgame. @ UGC CinÃ© CitÃ© la DÃ©fense https://t.co/LMADAHe7Am,KristyRain
182,5cc0a92991c0063b20537e3f,24/04/2019 18:21,0,de,49.4569664,7.80022064,0,"#AVENGERSENDGAME (@ UCI Kinowelt in Kaiserslautern, Rheinland-Pfalz) https://t.co/OHcFQSEACf",tohu_wabohu_
183,5cc0a99591c0063b20537e41,24/04/2019 18:23,0,en,25.2580701,51.440638,0,"#AvengersEndgame show time @ Doha ğŸ˜ğŸ˜ 
#ironman 
#CaptainAmerica 
#CaptainMarvel 
#BlackWidow 
#Hulk 
#Thor 
#Groot https://t.co/C1j9ngbCAT",itsmeever7
184,5cc0aabc91c0063b20537e43,24/04/2019 18:28,0,fr,48.1061665,-1.67575063,0,Une fin magnifique ğŸ˜Œ #avengersendgame Ã  CinÃ©mas Gaumont PathÃ© https://t.co/poLZvC4bP4,wss_aoc
185,5cc0c18691c0063fe8d0b7ee,24/04/2019 20:05,0,en,51.4333,-0.216667,0,#avengersendgame #doubleup with #avengersinfinitywar Bring #thanos down! johnrynhart boyan_antonov @luismpreto nizzâ€¦ https://t.co/vhsbRWG2t9,mgarciaverdous
186,5cc0c18b91c0063fe8d0b7f0,24/04/2019 20:05,0,en,25.09134656,55.14976587,0,Just watched #avengersendgame and it's worth it ğŸ’™ @ Novo Cinemas https://t.co/vvxshq1fVG,Gemskkey
187,5cc0c1f091c0063fe8d0b7f2,24/04/2019 20:07,0,en,53.46425,-2.35004,0,#avengersassemble bring on @marvel #avengersendgame #midnight showing @odeoncinemas ğŸ¬ @ Nandoâ€™s Manchester â€“ Traffoâ€¦ https://t.co/UvuhesZVi8,aaronsaxtons
188,5cc0c21891c0063fe8d0b7f4,24/04/2019 20:07,0,en,9.0667,7.4833,0,Have you gotten your tickets to the Endgame? This Friday 26th April... #endgame #avengersendgame #avengersâ€¦ https://t.co/SnMnKFyYIx,bigval_liaviche
189,5cc0c27a91c0063fe8d0b7f6,24/04/2019 20:09,0,pt,38.7261,-9.1394,0,"I'm in the Endgame now!! ğŸ¥ğŸ¿ğŸ¤—
.
#Repost @azrsamuel with get_repost
ãƒ»ãƒ»ãƒ»
I'm in the Endgame now!! ğŸ¥ğŸ¿ğŸ¤—
.â€¦ https://t.co/7QKvKpA34m",asa77
190,5cc0c2e891c0063fe8d0b7f8,24/04/2019 20:11,0,en,29.30457533,47.94297089,0,"#Endgame (@ VOX Cinemas in Avenues Mall, Al Farwaniyah Governorate) https://t.co/k6rSaFQZ98",iz19x
191,5cc0c32b91c0063fe8d0b7fa,24/04/2019 20:12,0,it,40.89738156,14.31532791,0,#avengersendgame *__* therussobrothers  by Italy!!!! Thanks!!!!! @ UCI Cinemas https://t.co/hkYR5WN9EK,Kotokochan88
192,5cc0c34391c0063fe8d0b7fc,24/04/2019 20:12,0,en,51.4333,-0.216667,0,"Weâ€™re in the #Endgame now
.
.
#popcorn #avengers #imax @odeoncinemas #wimbledon #dontspoiltheendgameâ€¦ https://t.co/UnORIMTakR",DJMRT
193,5cc0c34c91c0063fe8d0b7fe,24/04/2019 20:12,0,es,37.28623355,-7.1670623,0,"When te toca una entrada de cine doble, y tÃº ya tienes pensado que pelÃ­cula ver desde hace mÃ¡s de un aÃ±o. #avengersâ€¦ https://t.co/OLHbTrcW9F",Samuel_Garba88
194,5cc0c39491c0063fe8d0b800,24/04/2019 20:14,0,en,44.5133271,11.3710999,0,"Wow , sari dunia ko avengers dekhnha ha..parking mili ha toh eye glass nahi mil rahy... #AvengersEndgame",seachita
195,5cc0c3d391c0063fe8d0b802,24/04/2019 20:15,0,en,38.75922295,-9.38673727,0,Here we go ('bout time) #avengersendgame @ Beloura Cinema City https://t.co/ii5HUfxDZw,tonyvirtual
196,5cc0c3ee91c0063fe8d0b804,24/04/2019 20:15,0,en,14.6569952,121.0296495,0,"I am inevitable!
#AvengersEndGame @ Imax Movie Theater, SM North EDSA https://t.co/FXXkG97R1I",iamablerto
197,5cc0c42391c0063fe8d0b806,24/04/2019 20:16,0,pl,51.09653405,17.03402166,0,We survived the snap #teamironman #avengers #endgame #thanos #pandas #bluegirl #wroclove w: Cinema City Wroclavia https://t.co/xsgKr4dsZs,TheWoman30
198,5cc0c47091c0063fe8d0b808,24/04/2019 20:17,0,en,29.30234234,47.93007505,0,"#AvengersEndgameÂ â™¥ï¸ (at @CinescapeQ8 in Al Rai, Al Farwaniyah Governate w/ @ab_qattan) https://t.co/gfAzRWMzdP",Fbohamad_
199,5cc0c4c691c0063fe8d0b80a,24/04/2019 20:19,0,en,39.98258,-75.12681,0,Hey! Iâ€™m filling in as DJ tonight over at atlantislostbar! Itâ€™s super last minute but come out and have a beer andâ€¦ https://t.co/76bT8T7wcr,frankenlincoln
200,5cc0c58891c0063fe8d0b80c,24/04/2019 20:22,0,en,37.93583333,-122.3477778,0,My #avengers #endgame #quantumrealm hoodie came in just in time for the movie... #marvel #DEZZ #DMH #DaMaddHatterâ€¦ https://t.co/2VjtQa8nnf,DEZZDMH
201,5cc0c64891c0063fe8d0b80e,24/04/2019 20:25,0,es,37.28623355,-7.1670623,0,"When te toca una entrada de cine doble y tÃº ya tienes pensado, desde mÃ¡s de un aÃ±o, que pelÃ­cula ver.ğŸ˜‚ğŸ˜‚ #avengersâ€¦ https://t.co/pHT4DQD3Zh",Samuel_Garba88
202,5cc0c67291c0063fe8d0b810,24/04/2019 20:26,0,es,10.9639,-74.7964,0,#ArqueroJuega por aquello del estreno de #avengersendgame en Barranquilla https://t.co/cVAVTYIahs,PretelRicardo
203,5cc0c6a491c0063fe8d0b812,24/04/2019 20:27,0,en,-1.23430002,36.87724113,0,"WHAAAAAATTTT?!!!!
ğŸ¤¯ğŸ¤¯ğŸ¤¯ğŸ¤¯ğŸ¤¯
#DontSpoilTheEndgameKE
#AvengersEndGame
.
.
.
@Jotham411
@Crimson_MM
#MovieJabber @ Gardenâ€¦ https://t.co/xzjRnjmMyH",charliekarumi
204,5cc0c70391c0063fe8d0b814,24/04/2019 20:28,0,en,45.5220776,9.21575425,0,#avengersendgame @ UCI Cinemas https://t.co/eItJJ64qUK,TerenasIII
205,5cc0c70691c0063fe8d0b816,24/04/2019 20:28,0,en,24.49532028,54.38342533,0,Whatever it takes !! We are into the #endgame  Now.. ;) #marvel #avengers #thor #captainamerica #captainmarvelâ€¦ https://t.co/Du592pnRcD,AbdulQadir1990
206,5cc0c72f91c0063fe8d0b818,24/04/2019 20:29,0,es,36.16829,-5.34111,0,"MaÃ±ana es el gran dÃ­a.
#avengersendgame en La LÃ­nea de la ConcepciÃ³n, Spain https://t.co/Y4I8C0bSOB",Capitan__n
207,5cc0c78b91c0063fe8d0b81a,24/04/2019 20:31,0,de,53.59662732,10.11629503,0,"#avengers #endgame @ Farmsen, Hamburg, Germany https://t.co/VuOGWzcnAF",mr_laemp
208,5cc0c7b691c0063fe8d0b81c,24/04/2019 20:31,0,en,34.15694444,-118.325,0,"Best Avengers Ever! 
#ActionPacked #Funny #TearJerker #AvengersEndGame @ Walt Disney Studios https://t.co/MqAVd7vUhC",CiscoReyes
209,5cc0c7b991c0063fe8d0b81e,24/04/2019 20:31,0,de,48.14821495,11.55307102,0,That was #onehellofaride #avengersendgame #thankyou #marvel #avengers #breathless #speachless @ CINEMA Filmtheaterâ€¦ https://t.co/A1eJTgfbIb,poppyinberlin
210,5cc0c7fa91c0063fe8d0b820,24/04/2019 20:32,0,es,37.28623355,-7.1670623,0,"When te toca una entrada de cine doble y tÃº ya tienes pensado, desde hace mÃ¡s de un aÃ±o, que pelÃ­cula ver. ğŸ˜‚ğŸ˜‚â€¦ https://t.co/YOdAeWaGoB",Samuel_Garba88
211,5cc0c81391c0063fe8d0b822,24/04/2019 20:33,0,en,40.70244168,-73.92670155,0,"Listen. I know that When You Were Young, a tremendous comedy show featuring New Yorkâ€™s best comedians is happeningâ€¦ https://t.co/iUxdgEq7Ej",TVsKevinLanigan
212,5cc0c90191c0063fe8d0b824,24/04/2019 20:37,0,en,-6.304473,106.890509,0,"found this leaked image of Peter Parker and Tony Stark.
the other picture is Thanos and Ebony Maw??
.â€¦ https://t.co/UEeJEAas2Z",fazhamr
213,5cc0c93091c0063fe8d0b826,24/04/2019 20:38,0,en,40.99792407,29.09930357,0,"#AvengersEndGame (@ Cinemaximum in AtaÅŸehir, Istanbul) https://t.co/gG9Kkp0d7E",DuyguToplan
